0,1,2,3,4,5,6,7
5,by Jass.,Under wear,1193420460_SGAMZ-4779132671,Polyester,T-Shirts,Anti-Odour,Training
5,by Emily S.,Under Armour,2012723227_SGAMZ-10952881051,cotton,T-Shirts,Breathable,Training
5,by D***.,Under Armour,2012723227_SGAMZ-10952881051,cotton,T-Shirts,Breathable,Training
5,by M***y,Under Armour,2012723227_SGAMZ-10952881051,cotton,T-Shirts,Breathable,Training
5,by Yew P.,Under Armour,2012723227_SGAMZ-10952881051,cotton,T-Shirts,Breathable,Training
5,by Ho L.,Under Armour,2012723227_SGAMZ-10952881051,cotton,T-Shirts,Breathable,Training
5,by Emily S.,Under Armour,2012723227_SGAMZ-10952881051,cotton,T-Shirts,Breathable,Training
5,by D***.,Under Armour,2012723227_SGAMZ-10952881051,cotton,T-Shirts,Breathable,Training
5,by M***y,Under Armour,2012723227_SGAMZ-10952881051,cotton,T-Shirts,Breathable,Training
5,by Yew P.,Under Armour,2012723227_SGAMZ-10952881051,cotton,T-Shirts,Breathable,Training
5,by Ho L.,Under Armour,2012723227_SGAMZ-10952881051,cotton,T-Shirts,Breathable,Training
5,by Emily S.,Under Armour,2012723227_SGAMZ-10952881051,cotton,T-Shirts,Breathable,Training
5,by D***.,Under Armour,2012723227_SGAMZ-10952881051,cotton,T-Shirts,Breathable,Training
5,by M***y,Under Armour,2012723227_SGAMZ-10952881051,cotton,T-Shirts,Breathable,Training
5,by Yew P.,Under Armour,2012723227_SGAMZ-10952881051,cotton,T-Shirts,Breathable,Training
5,by Ho L.,Under Armour,2012723227_SGAMZ-10952881051,cotton,T-Shirts,Breathable,Training
